experimento,n_estimators,max_depth,min_samples_split,min_samples_leaf,mae_validacion,rmse_validacion,r2_validacion,tiempo_entrenamiento,tiempo_total_mlflow,run_id
10,300,,5,2,0.5351461107466745,0.6887787011802883,0.3875162297017254,0.6943840889998683,4.82971289499983,2c6ba67dfe704c6ebc812c322733aa2f
9,200,,2,2,0.534299986302336,0.6890997431595701,0.3869451353075566,0.5277818559998195,4.211135610999918,64a46bea8e554402a4a415d9b316a240
8,200,,5,1,0.5363449672977398,0.6901913450972329,0.3850013182226151,0.5040123290000338,4.162876422999943,876866beae13487fb502d55cfd7576af
7,100,,2,1,0.5369548872180451,0.6913573605596458,0.3829215943509835,0.29054346699967937,3.725161506999939,96919d4d2af345159d92baa175367d13
6,300,10.0,2,1,0.5403098498142369,0.694549373770028,0.37721030909476083,0.713205318999826,4.608625301999837,4c1788ba2a39458a825ef29f71212a4d
4,100,10.0,2,1,0.5410438709546086,0.6954214279058679,0.3756454173829169,0.2791967480002313,3.6801050830003987,7fb3eedf1030410b989c48782af0cdd1
5,200,10.0,2,1,0.540708845581058,0.6955295625618892,0.37545123407364445,0.5477607200000421,4.212471970000024,3dea0155b605496fa86380a23bd7803b
1,50,5.0,2,1,0.5641881537928237,0.7216675140971691,0.32762821793405916,0.1813713819997247,3.6205875699997705,cc5b5a651be3481e8e951903ba522532
2,100,5.0,2,1,0.5646973539328799,0.7219033830619749,0.32718863169786516,0.3425868819999778,3.7774767379996774,eb1c66ae3d2f4db495a8d7de6104501f
3,200,5.0,2,1,0.5645637516076862,0.7225463419985402,0.3259896271387692,0.5757497990002776,4.172503123999832,15b9f5a5d38140dca704df8957664ea0
