experimento,n_estimators,max_depth,min_samples_split,min_samples_leaf,mae_validacion,rmse_validacion,r2_validacion,tiempo_entrenamiento,tiempo_total_wandb,run_id
10,300,,5,2,0.5351461107466745,0.6887787011802882,0.3875162297017255,0.7931462790002115,0.7975425540003016,gaw8y8mj
9,200,,2,2,0.534299986302336,0.6890997431595701,0.3869451353075566,0.5339757359997748,0.5378590640002585,7oony48v
8,200,,5,1,0.5363449672977398,0.690191345097233,0.38500131822261496,0.5816207959996973,0.5878216340001927,pfmbuqdx
7,100,,2,1,0.5369548872180451,0.6913573605596458,0.3829215943509835,0.32885726799986514,0.3329969779997555,ftasl46y
6,300,10.0,2,1,0.5403098498142369,0.694549373770028,0.37721030909476083,0.7278796410000723,0.7325854659998186,6yby6tqa
4,100,10.0,2,1,0.5410438709546086,0.6954214279058679,0.3756454173829169,0.3222646980002537,0.3263683600002878,c81l4vl7
5,200,10.0,2,1,0.540708845581058,0.6955295625618892,0.37545123407364445,0.5557442640001682,0.5606230529997447,olv5557g
1,50,5.0,2,1,0.5641881537928238,0.721667514097169,0.3276282179340593,0.19527284200012218,0.20004560300003504,wqe3fz25
2,100,5.0,2,1,0.5646973539328799,0.7219033830619749,0.32718863169786516,0.35158216799982256,0.35849158300015915,5fz15p5l
3,200,5.0,2,1,0.5645637516076862,0.7225463419985404,0.325989627138769,0.5495034710002074,0.5536175370002638,ie6f2cog
